,grade,year
0,0.64,2018
1,0.82,2018
2,0.85,2018
3,0.65,2018
4,0.68,2018
5,0.68,2018
6,0.81,2018
7,0.75,2018
8,0.63,2018
9,0.81,2018
10,0.8,2018
11,0.75,2018
12,0.76,2018
13,0.77,2018
14,0.71,2018
15,0.73,2018
16,0.42,2018
17,0.63,2018
18,0.49,2018
19,0.57,2018
20,0.78,2018
21,0.74,2018
22,0.59,2018
23,0.88,2018
24,0.73,2018
25,0.57,2018
26,0.83,2018
27,0.94,2018
28,0.74,2018
29,0.92,2018
30,0.64,2018
31,0.9,2018
32,0.71,2018
33,0.97,2018
34,0.43,2018
35,0.78,2018
36,0.35,2018
37,0.7,2018
38,0.64,2018
39,0.42,2018
40,0.48,2018
41,0.68,2018
42,0.81,2018
43,0.41,2018
44,0.56,2018
45,0.73,2018
46,0.67,2018
47,0.83,2018
48,0.97,2018
49,0.61,2018
50,0.8,2018
51,0.9,2018
52,0.66,2018
53,0.84,2018
54,0.78,2018
55,0.56,2018
56,0.76,2018
57,0.75,2018
58,0.76,2018
59,0.67,2018
60,0.56,2018
61,0.39,2018
62,0.83,2018
63,0.56,2018
64,0.7,2018
65,0.69,2018
66,0.89,2018
67,0.83,2018
68,0.49,2018
69,0.71,2018
70,0.51,2018
71,0.67,2018
72,0.79,2018
73,0.78,2018
74,0.49,2018
75,0.86,2018
76,0.82,2018
77,0.67,2018
78,0.7,2018
79,0.28,2018
80,0.85,2018
81,0.7,2018
82,0.72,2018
83,0.9,2018
84,0.66,2018
85,0.87,2018
86,0.61,2018
87,0.84,2018
88,0.72,2018
89,0.89,2018
90,0.64,2018
91,0.46,2018
92,0.6,2018
93,0.81,2018
94,0.87,2018
95,0.72,2018
96,0.88,2018
97,0.69,2018
98,0.76,2018
99,0.68,2018
100,0.76,2018
101,0.88,2018
102,0.8,2018
103,0.43,2018
104,0.79,2018
105,0.51,2018
106,0.71,2018
107,0.96,2018
108,0.81,2018
109,0.6,2018
110,0.88,2018
111,0.57,2018
112,0.55,2018
113,0.82,2018
114,0.75,2018
115,0.51,2018
116,0.89,2018
117,0.74,2018
118,0.47,2018
119,0.55,2018
120,0.83,2018
121,0.9,2018
122,0.51,2018
123,0.78,2018
124,0.78,2018
125,0.85,2018
126,0.97,2018
127,0.62,2018
128,0.72,2018
129,0.68,2018
130,0.86,2018
131,0.51,2018
132,0.92,2018
133,0.5,2018
134,0.75,2018
135,0.42,2018
136,0.57,2018
137,0.96,2018
138,0.78,2018
139,0.42,2018
140,0.72,2018
141,0.88,2018
142,0.63,2018
143,0.57,2018
144,0.5,2018
145,0.8,2018
146,0.7,2018
147,0.56,2018
148,0.59,2018
149,0.47,2018
150,0.68,2018
151,0.72,2018
152,0.54,2018
153,0.79,2018
154,0.84,2018
155,0.77,2018
156,0.82,2018
157,0.57,2018
158,0.96,2018
159,0.86,2018
160,0.67,2018
161,0.73,2018
162,0.86,2018
163,0.69,2018
164,0.76,2018
165,0.77,2018
166,0.59,2018
167,0.51,2018
168,0.78,2018
169,0.32,2018
170,0.62,2018
171,0.8,2018
172,0.47,2018
173,0.74,2018
174,0.59,2018
175,0.75,2018
176,0.91,2018
177,0.54,2018
178,0.62,2018
179,0.69,2018
180,0.75,2018
181,0.7,2018
182,0.62,2018
183,0.85,2018
184,0.53,2018
185,0.69,2018
186,0.59,2018
187,0.52,2018
188,0.87,2018
189,0.81,2018
190,0.98,2018
191,0.54,2018
192,0.56,2018
193,0.46,2018
194,0.55,2018
195,0.47,2018
196,0.69,2018
197,0.76,2018
198,0.77,2018
199,0.61,2018
200,0.64,2018
201,0.75,2018
202,0.69,2018
203,0.75,2018
204,0.64,2018
205,0.56,2018
206,0.58,2018
207,0.63,2018
208,0.79,2018
209,0.86,2018
210,0.71,2018
211,0.87,2018
212,0.51,2018
213,0.63,2018
214,0.59,2018
215,0.73,2018
216,0.82,2018
217,0.64,2018
218,0.93,2018
219,0.86,2018
220,0.67,2018
221,0.59,2018
222,0.67,2018
223,0.8,2018
224,0.72,2018
225,0.81,2018
226,0.61,2018
227,0.61,2018
228,0.68,2018
229,0.58,2018
230,0.68,2018
231,0.89,2018
232,0.93,2018
233,0.8,2018
234,0.89,2018
235,0.48,2018
236,0.56,2018
237,0.89,2018
238,0.84,2018
239,0.52,2018
240,0.66,2018
241,0.67,2018
242,0.54,2018
243,0.53,2018
244,0.49,2018
245,0.62,2018
246,0.37,2018
247,0.75,2018
248,0.58,2018
249,0.61,2018
250,0.56,2018
251,0.76,2018
252,0.91,2018
253,0.79,2018
254,0.77,2018
255,0.64,2018
256,0.52,2018
257,0.74,2018
258,0.57,2018
259,0.5,2018
260,0.62,2018
261,0.48,2018
262,0.7,2018
263,0.55,2018
264,0.83,2018
265,0.48,2018
266,0.56,2018
267,0.72,2018
268,0.7,2018
269,0.66,2018
270,0.91,2018
271,0.77,2018
272,0.36,2018
273,0.48,2018
274,0.67,2018
275,0.64,2018
276,0.68,2018
277,0.64,2018
278,0.89,2018
279,0.88,2018
280,0.73,2018
281,0.7,2018
282,0.57,2018
283,0.77,2018
284,0.58,2018
285,0.45,2018
286,0.62,2018
287,0.61,2018
288,0.82,2018
289,0.75,2018
290,0.64,2018
291,0.3,2018
292,0.85,2018
293,0.47,2018
294,0.74,2018
295,0.67,2018
296,0.74,2018
297,0.94,2018
298,0.77,2018
299,0.77,2018
300,0.63,2018
301,0.83,2018
302,0.62,2018
303,0.95,2018
304,0.72,2018
305,0.62,2018
306,0.92,2018
307,0.77,2018
308,0.78,2018
309,0.73,2018
310,0.97,2018
311,0.82,2018
312,0.46,2018
313,0.73,2018
314,0.56,2018
315,0.83,2018
316,0.74,2018
317,0.56,2018
318,0.72,2018
319,0.96,2018
320,0.61,2018
321,0.53,2018
322,0.85,2018
323,0.62,2018
324,0.76,2018
325,0.33,2018
326,0.68,2018
327,0.77,2018
328,0.76,2018
329,0.56,2018
330,0.8,2018
331,0.46,2018
332,0.68,2018
333,0.48,2018
334,0.95,2018
335,0.87,2018
336,0.7,2018
337,0.61,2018
338,0.61,2018
339,0.73,2018
340,0.7,2018
341,0.55,2018
342,0.51,2018
343,0.52,2018
344,0.87,2018
345,0.52,2018
346,0.64,2018
347,0.8,2018
348,0.73,2018
349,0.67,2018
350,0.77,2018
351,0.64,2018
352,0.98,2018
353,0.67,2018
354,0.86,2018
355,0.61,2018
356,0.61,2018
357,0.81,2018
358,0.55,2018
359,0.96,2018
360,0.59,2018
361,0.62,2018
362,0.57,2018
363,0.66,2018
364,0.94,2018
365,0.69,2018
366,0.78,2018
367,0.64,2018
368,0.6,2018
369,0.76,2018
370,0.96,2018
371,0.46,2018
372,0.98,2018
373,0.82,2018
374,0.52,2018
375,0.75,2018
376,0.76,2018
377,0.52,2018
378,0.27,2018
379,0.85,2018
380,0.84,2018
381,0.65,2018
382,0.73,2018
383,0.91,2018
384,0.71,2018
385,0.61,2018
386,0.61,2018
387,0.91,2018
388,0.56,2018
389,0.58,2018
390,0.54,2018
391,0.79,2018
392,0.74,2018
393,0.77,2018
394,0.81,2018
395,0.43,2018
396,0.53,2018
397,0.69,2018
398,0.54,2018
399,0.78,2018
400,0.76,2018
401,0.9,2018
402,0.65,2018
403,0.79,2018
404,0.76,2018
405,0.55,2018
406,0.71,2018
407,0.57,2018
408,0.94,2018
409,0.55,2018
410,0.87,2018
411,0.89,2018
412,0.97,2018
413,0.88,2018
414,0.5,2018
415,0.59,2018
416,0.69,2018
417,0.77,2018
418,0.68,2018
419,0.7,2018
420,0.7,2018
421,0.43,2018
422,0.92,2018
423,0.87,2018
424,0.77,2018
425,0.78,2018
426,0.93,2018
427,0.91,2018
428,0.63,2018
429,0.76,2018
430,0.82,2018
431,0.73,2018
432,0.57,2018
433,0.73,2018
434,0.69,2018
435,0.87,2018
436,0.56,2018
437,0.81,2018
438,0.58,2018
439,0.99,2018
440,0.61,2018
441,0.85,2018
442,0.93,2018
443,0.72,2018
444,0.76,2018
445,0.98,2018
446,0.53,2018
447,0.77,2018
448,0.86,2018
449,0.6,2018
450,0.81,2018
451,0.78,2018
452,0.63,2018
453,0.94,2018
454,0.5,2018
455,0.6,2018
456,0.99,2018
457,0.44,2018
458,0.6,2018
459,0.97,2018
460,0.86,2018
461,0.8,2018
462,0.9,2018
463,0.74,2018
464,0.7,2018
465,0.64,2018
466,0.75,2018
467,0.66,2018
468,0.48,2018
469,0.74,2018
470,0.65,2018
471,0.81,2018
472,0.63,2018
473,0.63,2018
474,0.89,2018
475,0.49,2018
476,0.69,2018
477,0.58,2018
478,0.75,2018
479,0.79,2018
480,0.77,2018
481,0.82,2018
482,0.75,2018
483,0.96,2018
484,0.49,2018
485,0.83,2018
486,0.51,2018
487,0.57,2018
488,0.59,2018
489,0.68,2018
490,0.7,2018
491,0.45,2018
492,0.83,2018
493,0.96,2018
494,0.66,2018
495,0.55,2018
496,0.68,2018
497,0.79,2018
498,0.65,2018
499,0.82,2018
500,0.76,2018
501,0.52,2018
502,0.67,2018
503,0.75,2018
504,0.76,2018
505,0.69,2018
506,0.99,2018
507,0.65,2018
508,0.59,2018
509,0.86,2018
510,0.82,2018
511,0.72,2018
512,0.57,2018
513,0.71,2018
514,0.78,2018
515,0.76,2018
516,0.76,2018
517,0.56,2018
518,0.82,2018
519,0.47,2018
520,0.9,2018
521,0.79,2018
522,0.82,2018
523,0.72,2018
524,0.54,2018
525,0.55,2018
526,0.7,2018
527,0.51,2018
528,0.76,2018
529,0.67,2018
530,0.77,2018
531,0.58,2018
532,0.43,2018
533,0.45,2018
534,0.72,2018
535,0.76,2018
536,0.97,2018
537,0.9,2018
538,0.81,2018
539,0.96,2018
540,0.69,2018
541,0.62,2018
542,0.57,2018
543,0.71,2018
544,0.68,2018
545,0.69,2018
546,0.6,2018
547,0.99,2018
548,0.6,2018
549,0.72,2018
550,0.59,2018
551,0.56,2018
552,0.84,2018
553,0.68,2018
554,0.63,2018
555,0.82,2018
556,0.8,2018
557,0.44,2018
558,0.8,2018
559,0.54,2018
560,0.54,2018
561,0.97,2018
562,0.55,2018
563,0.9,2018
564,0.62,2018
565,0.71,2018
566,0.7,2018
567,0.64,2018
568,0.99,2018
569,0.55,2018
570,0.57,2018
571,0.65,2018
572,0.83,2018
573,0.64,2018
574,0.83,2018
575,0.59,2018
576,0.61,2018
577,0.81,2018
578,0.91,2018
579,0.73,2018
580,0.81,2018
581,0.88,2018
582,0.92,2018
583,0.96,2018
584,0.78,2018
585,0.89,2018
586,0.66,2018
587,0.96,2018
588,0.74,2018
589,0.92,2018
590,0.81,2018
591,0.85,2018
592,0.84,2018
593,0.49,2018
594,0.63,2018
595,0.6,2018
596,0.44,2018
597,0.75,2018
598,0.64,2018
599,0.65,2018
600,0.55,2019
601,0.64,2019
602,0.67,2019
603,0.85,2019
604,0.49,2019
605,0.83,2019
606,0.72,2019
607,0.68,2019
608,0.85,2019
609,0.76,2019
610,0.45,2019
611,0.47,2019
612,0.88,2019
613,0.73,2019
614,0.64,2019
615,0.5,2019
616,0.79,2019
617,0.73,2019
618,0.73,2019
619,0.93,2019
620,0.7,2019
621,0.93,2019
622,0.77,2019
623,0.66,2019
624,0.78,2019
625,0.44,2019
626,0.74,2019
627,0.74,2019
628,0.51,2019
629,0.71,2019
630,0.78,2019
631,0.9,2019
632,0.82,2019
633,0.75,2019
634,0.96,2019
635,0.91,2019
636,0.7,2019
637,0.75,2019
638,0.63,2019
639,0.88,2019
640,0.6,2019
641,0.63,2019
642,0.79,2019
643,0.69,2019
644,0.69,2019
645,0.55,2019
646,0.72,2019
647,0.62,2019
648,0.85,2019
649,0.65,2019
650,0.71,2019
651,0.55,2019
652,0.69,2019
653,0.63,2019
654,0.66,2019
655,0.42,2019
656,0.68,2019
657,0.67,2019
658,0.86,2019
659,0.83,2019
660,0.58,2019
661,0.43,2019
662,0.74,2019
663,0.8,2019
664,0.37,2019
665,0.54,2019
666,0.67,2019
667,0.84,2019
668,0.81,2019
669,0.52,2019
670,0.85,2019
671,0.85,2019
672,0.55,2019
673,0.53,2019
674,0.68,2019
675,0.68,2019
676,0.75,2019
677,0.76,2019
678,0.4,2019
679,0.59,2019
680,0.77,2019
681,0.54,2019
682,0.68,2019
683,0.78,2019
684,0.93,2019
685,0.78,2019
686,0.5,2019
687,0.4,2019
688,0.72,2019
689,0.53,2019
690,0.94,2019
691,0.94,2019
692,0.48,2019
693,0.68,2019
694,0.98,2019
695,0.58,2019
696,0.57,2019
697,0.72,2019
698,0.72,2019
699,0.49,2019
700,0.65,2019
701,0.54,2019
702,0.76,2019
703,0.65,2019
704,0.92,2019
705,0.55,2019
706,0.96,2019
707,0.71,2019
708,0.5,2019
709,0.63,2019
710,0.7,2019
711,0.88,2019
712,0.83,2019
713,0.75,2019
714,0.75,2019
715,0.68,2019
716,0.71,2019
717,0.79,2019
718,0.62,2019
719,0.86,2019
720,0.67,2019
721,0.73,2019
722,0.74,2019
723,0.52,2019
724,0.92,2019
725,0.77,2019
726,0.68,2019
727,0.88,2019
728,0.67,2019
729,0.69,2019
730,0.52,2019
731,0.73,2019
732,0.75,2019
733,0.61,2019
734,0.63,2019
735,0.94,2019
736,0.8,2019
737,0.86,2019
738,0.76,2019
739,0.66,2019
740,0.95,2019
741,0.68,2019
742,0.67,2019
743,0.53,2019
744,0.7,2019
745,0.92,2019
746,0.61,2019
747,0.99,2019
748,0.77,2019
749,0.63,2019
750,0.53,2019
751,0.67,2019
752,0.39,2019
753,0.93,2019
754,0.93,2019
755,0.75,2019
756,0.6,2019
757,0.43,2019
758,0.76,2019
759,0.61,2019
760,0.8,2019
761,0.86,2019
762,0.71,2019
763,0.62,2019
764,0.72,2019
765,0.69,2019
766,0.98,2019
767,0.55,2019
768,0.72,2019
769,0.71,2019
770,0.66,2019
771,0.41,2019
772,0.76,2019
773,0.8,2019
774,0.57,2019
775,0.95,2019
776,0.39,2019
777,0.86,2019
778,0.71,2019
779,0.74,2019
780,0.74,2019
781,0.59,2019
782,0.51,2019
783,0.63,2019
784,0.7,2019
785,0.4,2019
786,0.78,2019
787,0.71,2019
788,0.98,2019
789,0.67,2019
790,0.71,2019
791,0.55,2019
792,0.71,2019
793,0.67,2019
794,0.58,2019
795,0.67,2019
796,0.59,2019
797,0.76,2019
798,0.79,2019
799,0.57,2019
800,0.88,2019
801,0.8,2019
802,0.9,2019
803,0.62,2019
804,0.79,2019
805,0.72,2019
806,0.98,2019
807,0.72,2019
808,0.65,2019
809,0.54,2019
810,0.95,2019
811,0.97,2019
812,0.74,2019
813,0.95,2019
814,0.81,2019
815,0.69,2019
816,0.76,2019
817,0.61,2019
818,0.96,2019
819,0.51,2019
820,0.68,2019
821,0.56,2019
822,0.79,2019
823,0.89,2019
824,0.81,2019
825,0.96,2019
826,0.38,2019
827,0.76,2019
828,0.39,2019
829,0.67,2019
830,0.86,2019
831,0.61,2019
832,0.66,2019
833,0.81,2019
834,0.76,2019
835,0.77,2019
836,0.75,2019
837,0.7,2019
838,0.91,2019
839,0.87,2019
840,0.58,2019
841,0.92,2019
842,0.69,2019
843,0.6,2019
844,0.72,2019
845,0.86,2019
846,0.74,2019
847,0.66,2019
848,0.73,2019
849,0.51,2019
850,0.56,2019
851,0.87,2019
852,0.85,2019
853,0.73,2019
854,0.43,2019
855,0.93,2019
856,0.94,2019
857,0.71,2019
858,0.63,2019
859,0.95,2019
860,0.49,2019
861,0.83,2019
862,0.68,2019
863,0.75,2019
864,0.53,2019
865,0.87,2019
866,0.91,2019
867,0.62,2019
868,0.56,2019
869,0.9,2019
870,0.67,2019
871,0.97,2019
872,0.69,2019
873,0.36,2019
874,0.54,2019
875,0.75,2019
876,0.37,2019
877,0.69,2019
878,0.52,2019
879,0.72,2019
880,0.89,2019
881,0.78,2019
882,0.87,2019
883,0.72,2019
884,0.54,2019
885,0.72,2019
886,0.74,2019
887,0.87,2019
888,0.48,2019
889,0.62,2019
890,0.57,2019
891,0.66,2019
892,0.73,2019
893,0.43,2019
894,0.94,2019
895,0.79,2019
896,0.49,2019
897,0.63,2019
898,0.71,2019
899,0.97,2019
900,0.36,2019
901,0.79,2019
902,0.63,2019
903,0.61,2019
904,0.69,2019
905,0.55,2019
906,0.83,2019
907,0.97,2019
908,0.66,2019
909,0.85,2019
910,0.71,2019
911,0.55,2019
912,0.67,2019
913,0.41,2019
914,0.5,2019
915,0.51,2019
916,0.69,2019
917,0.63,2019
918,0.71,2019
919,0.51,2019
920,0.66,2019
921,0.53,2019
922,0.79,2019
923,0.72,2019
924,0.56,2019
925,0.55,2019
926,0.71,2019
927,0.5,2019
928,0.74,2019
929,0.65,2019
930,0.69,2019
931,0.43,2019
932,0.91,2019
933,0.65,2019
934,0.74,2019
935,0.55,2019
936,0.82,2019
937,0.8,2019
938,0.69,2019
939,0.73,2019
940,0.52,2019
941,0.95,2019
942,0.61,2019
943,0.5,2019
944,0.89,2019
945,0.48,2019
946,0.47,2019
947,0.52,2019
948,0.51,2019
949,0.53,2019
950,0.86,2019
951,0.73,2019
952,0.49,2019
953,0.74,2019
954,0.57,2019
955,0.59,2019
956,1.0,2019
957,0.71,2019
958,0.37,2019
959,0.75,2019
960,0.68,2019
961,0.94,2019
962,0.66,2019
963,0.86,2019
964,0.83,2019
965,0.73,2019
966,0.55,2019
967,0.54,2019
968,0.97,2019
969,0.51,2019
970,0.51,2019
971,0.66,2019
972,0.65,2019
973,0.78,2019
974,0.56,2019
975,0.72,2019
976,0.53,2019
977,0.59,2019
978,0.51,2019
979,0.61,2019
980,0.46,2019
981,0.78,2019
982,0.99,2019
983,0.61,2019
984,0.76,2019
985,0.53,2019
986,0.77,2019
987,0.89,2019
988,0.86,2019
989,0.98,2019
990,0.66,2019
991,0.97,2019
992,0.75,2019
993,0.65,2019
994,0.78,2019
995,0.63,2019
996,0.59,2019
997,0.89,2019
998,0.68,2019
999,0.52,2019
1000,0.74,2019
1001,0.46,2019
1002,0.96,2019
1003,0.99,2019
1004,0.84,2019
1005,0.71,2019
1006,0.66,2019
1007,0.66,2019
1008,0.66,2019
1009,0.88,2019
1010,0.82,2019
1011,0.86,2019
1012,0.86,2019
1013,0.43,2019
1014,0.61,2019
1015,0.83,2019
1016,0.63,2019
1017,0.97,2019
1018,0.79,2019
1019,0.69,2019
1020,0.63,2019
1021,0.81,2019
1022,0.39,2019
1023,0.8,2019
1024,0.74,2019
1025,0.65,2019
1026,0.68,2019
1027,0.49,2019
1028,0.4,2019
1029,0.67,2019
1030,0.93,2019
1031,0.66,2019
1032,0.5,2019
1033,0.68,2019
1034,0.62,2019
1035,0.48,2019
1036,0.71,2019
1037,0.7,2019
1038,0.39,2019
1039,0.72,2019
1040,0.65,2019
1041,0.39,2019
1042,0.74,2019
1043,0.56,2019
1044,0.96,2019
1045,0.73,2019
1046,0.62,2019
1047,0.73,2019
1048,0.95,2019
1049,0.73,2019
1050,0.73,2019
1051,0.68,2019
1052,0.68,2019
1053,0.41,2019
1054,0.53,2019
1055,0.76,2019
1056,0.73,2019
1057,0.66,2019
1058,0.79,2019
1059,0.73,2019
1060,0.5,2019
1061,0.69,2019
1062,0.73,2019
1063,0.52,2019
1064,0.51,2019
1065,0.62,2019
1066,0.49,2019
1067,0.56,2019
1068,0.6,2019
1069,0.65,2019
1070,0.48,2019
1071,0.63,2019
1072,0.35,2019
1073,0.59,2019
1074,0.76,2019
1075,0.87,2019
1076,0.49,2019
1077,0.59,2019
1078,0.42,2019
1079,0.58,2019
1080,0.73,2019
1081,0.84,2019
1082,0.52,2019
1083,0.93,2019
1084,0.66,2019
1085,0.73,2019
1086,0.59,2019
1087,0.65,2019
1088,0.75,2019
1089,0.97,2019
1090,0.71,2019
1091,0.73,2019
1092,0.95,2019
1093,0.64,2019
1094,0.64,2019
1095,0.76,2019
1096,0.83,2019
1097,0.91,2019
1098,0.97,2019
1099,0.59,2019
1100,0.55,2019
1101,0.53,2019
1102,0.6,2019
1103,0.56,2019
1104,0.6,2019
1105,0.48,2019
1106,0.59,2019
1107,0.7,2019
1108,0.74,2019
1109,0.58,2019
1110,0.68,2019
1111,0.61,2019
1112,0.57,2019
1113,0.65,2019
1114,0.63,2019
1115,0.83,2019
1116,0.52,2019
1117,0.46,2019
1118,0.95,2019
1119,0.62,2019
1120,0.84,2019
1121,0.69,2019
1122,0.75,2019
1123,0.82,2019
1124,0.46,2019
1125,0.71,2019
1126,0.72,2019
1127,0.79,2019
1128,0.79,2019
1129,0.58,2019
1130,0.66,2019
1131,0.4,2019
1132,0.63,2019
1133,0.33,2019
1134,0.61,2019
1135,0.78,2019
1136,0.83,2019
1137,0.9,2019
1138,0.95,2019
1139,0.6,2019
1140,0.58,2019
1141,0.52,2019
1142,0.96,2019
1143,0.95,2019
1144,0.78,2019
1145,0.73,2019
1146,0.83,2019
1147,0.55,2019
1148,0.97,2019
1149,0.74,2019
1150,0.99,2019
1151,0.84,2019
1152,0.62,2019
1153,0.45,2019
1154,0.72,2019
1155,0.76,2019
1156,0.7,2019
1157,0.8,2019
1158,0.7,2019
1159,0.68,2019
1160,0.82,2019
1161,0.92,2019
1162,0.73,2019
1163,0.93,2019
1164,0.43,2019
1165,0.33,2019
1166,0.78,2019
1167,0.91,2019
1168,0.6,2019
1169,0.47,2019
1170,0.46,2019
1171,0.56,2019
1172,0.58,2019
1173,0.68,2019
1174,0.92,2019
1175,0.82,2019
1176,0.58,2019
1177,0.62,2019
1178,0.57,2019
1179,0.58,2019
1180,0.59,2019
1181,0.62,2019
1182,0.63,2019
1183,0.96,2019
1184,0.61,2019
1185,0.86,2019
1186,0.74,2019
1187,0.75,2019
1188,0.48,2019
1189,0.67,2019
1190,0.81,2019
1191,0.58,2019
1192,0.52,2019
1193,0.97,2019
1194,0.46,2019
1195,0.81,2019
1196,0.6,2019
1197,0.72,2019
1198,0.6,2019
1199,0.78,2019
1200,0.55,2020
1201,0.48,2020
1202,0.89,2020
1203,0.64,2020
1204,0.52,2020
1205,0.51,2020
1206,0.72,2020
1207,0.63,2020
1208,0.49,2020
1209,0.66,2020
1210,0.78,2020
1211,0.45,2020
1212,0.52,2020
1213,0.39,2020
1214,0.44,2020
1215,0.58,2020
1216,0.93,2020
1217,0.6,2020
1218,0.78,2020
1219,0.42,2020
1220,0.74,2020
1221,0.61,2020
1222,0.79,2020
1223,0.92,2020
1224,0.92,2020
1225,0.62,2020
1226,0.59,2020
1227,0.56,2020
1228,0.91,2020
1229,0.68,2020
1230,0.47,2020
1231,0.47,2020
1232,0.95,2020
1233,0.51,2020
1234,0.73,2020
1235,0.65,2020
1236,0.77,2020
1237,0.94,2020
1238,0.58,2020
1239,0.78,2020
1240,0.68,2020
1241,0.69,2020
1242,0.43,2020
1243,0.64,2020
1244,0.45,2020
1245,0.65,2020
1246,0.7,2020
1247,0.7,2020
1248,0.67,2020
1249,0.49,2020
1250,0.73,2020
1251,0.93,2020
1252,0.94,2020
1253,0.65,2020
1254,0.55,2020
1255,0.48,2020
1256,0.71,2020
1257,0.43,2020
1258,0.9,2020
1259,0.83,2020
1260,0.82,2020
1261,0.57,2020
1262,0.68,2020
1263,0.99,2020
1264,0.95,2020
1265,0.59,2020
1266,0.77,2020
1267,0.8,2020
1268,0.56,2020
1269,0.59,2020
1270,0.76,2020
1271,0.84,2020
1272,0.93,2020
1273,0.65,2020
1274,0.67,2020
1275,0.72,2020
1276,0.46,2020
1277,0.6,2020
1278,0.52,2020
1279,0.91,2020
1280,0.66,2020
1281,0.63,2020
1282,0.82,2020
1283,0.86,2020
1284,0.62,2020
1285,0.98,2020
1286,0.86,2020
1287,0.74,2020
1288,0.32,2020
1289,0.65,2020
1290,0.59,2020
1291,0.71,2020
1292,0.74,2020
1293,0.56,2020
1294,0.78,2020
1295,0.77,2020
1296,0.76,2020
1297,0.63,2020
1298,0.58,2020
1299,0.74,2020
1300,0.76,2020
1301,0.74,2020
1302,0.82,2020
1303,0.64,2020
1304,0.46,2020
1305,0.56,2020
1306,0.67,2020
1307,0.64,2020
1308,0.58,2020
1309,0.53,2020
1310,0.6,2020
1311,0.49,2020
1312,0.52,2020
1313,0.65,2020
1314,0.98,2020
1315,0.74,2020
1316,0.4,2020
1317,0.57,2020
1318,0.59,2020
1319,0.81,2020
1320,0.57,2020
1321,0.88,2020
1322,0.57,2020
1323,0.5,2020
1324,0.99,2020
1325,0.64,2020
1326,0.61,2020
1327,0.69,2020
1328,0.81,2020
1329,0.6,2020
1330,0.67,2020
1331,0.65,2020
1332,0.97,2020
1333,0.9,2020
1334,0.58,2020
1335,0.42,2020
1336,0.62,2020
1337,0.75,2020
1338,0.99,2020
1339,0.68,2020
1340,0.78,2020
1341,0.46,2020
1342,0.6,2020
1343,0.38,2020
1344,0.9,2020
1345,0.59,2020
1346,0.97,2020
1347,0.58,2020
1348,0.58,2020
1349,0.69,2020
1350,0.82,2020
1351,0.96,2020
1352,0.92,2020
1353,0.66,2020
1354,0.75,2020
1355,0.73,2020
1356,0.63,2020
1357,0.96,2020
1358,0.7,2020
1359,0.67,2020
1360,0.62,2020
1361,0.52,2020
1362,0.61,2020
1363,0.88,2020
1364,0.79,2020
1365,0.88,2020
1366,0.66,2020
1367,0.66,2020
1368,0.69,2020
1369,0.84,2020
1370,0.58,2020
1371,0.6,2020
1372,0.48,2020
1373,0.93,2020
1374,0.88,2020
1375,0.5,2020
1376,0.67,2020
1377,0.49,2020
1378,0.74,2020
1379,0.6,2020
1380,0.83,2020
1381,0.76,2020
1382,0.57,2020
1383,0.68,2020
1384,0.59,2020
1385,0.97,2020
1386,0.67,2020
1387,0.64,2020
1388,0.63,2020
1389,0.57,2020
1390,0.53,2020
1391,0.84,2020
1392,0.65,2020
1393,0.62,2020
1394,0.7,2020
1395,0.44,2020
1396,0.61,2020
1397,0.46,2020
1398,0.52,2020
1399,0.81,2020
1400,0.57,2020
1401,0.67,2020
1402,0.53,2020
1403,0.85,2020
1404,0.3,2020
1405,0.76,2020
1406,0.65,2020
1407,0.87,2020
1408,0.45,2020
1409,0.98,2020
1410,0.92,2020
1411,0.75,2020
1412,0.67,2020
1413,0.73,2020
1414,0.52,2020
1415,0.53,2020
1416,0.75,2020
1417,0.44,2020
1418,0.42,2020
1419,0.56,2020
1420,1.0,2020
1421,0.68,2020
1422,0.46,2020
1423,0.68,2020
1424,0.72,2020
1425,0.54,2020
1426,0.63,2020
1427,0.49,2020
1428,0.81,2020
1429,0.72,2020
1430,0.59,2020
1431,0.71,2020
1432,0.56,2020
1433,0.6,2020
1434,0.54,2020
1435,0.67,2020
1436,0.72,2020
1437,0.68,2020
1438,0.63,2020
1439,0.91,2020
1440,0.64,2020
1441,0.69,2020
1442,0.62,2020
1443,0.71,2020
1444,0.69,2020
1445,0.36,2020
1446,0.84,2020
1447,0.49,2020
1448,0.67,2020
1449,0.77,2020
1450,0.74,2020
1451,0.73,2020
1452,0.95,2020
1453,0.79,2020
1454,0.61,2020
1455,0.64,2020
1456,0.63,2020
1457,0.71,2020
1458,0.53,2020
1459,0.6,2020
1460,0.71,2020
1461,0.62,2020
1462,0.62,2020
1463,0.75,2020
1464,0.8,2020
1465,0.95,2020
1466,0.6,2020
1467,0.68,2020
1468,0.91,2020
1469,0.73,2020
1470,0.79,2020
1471,0.7,2020
1472,0.96,2020
1473,0.64,2020
1474,0.64,2020
1475,0.84,2020
1476,0.88,2020
1477,0.61,2020
1478,0.56,2020
1479,0.79,2020
1480,0.56,2020
1481,0.61,2020
1482,0.66,2020
1483,0.47,2020
1484,0.99,2020
1485,0.5,2020
1486,0.83,2020
1487,0.96,2020
1488,0.82,2020
1489,0.59,2020
1490,0.48,2020
1491,0.63,2020
1492,0.73,2020
1493,0.69,2020
1494,0.53,2020
1495,0.89,2020
1496,0.67,2020
1497,0.51,2020
1498,0.9,2020
1499,0.71,2020
1500,0.48,2020
1501,0.55,2020
1502,0.52,2020
1503,0.82,2020
1504,0.89,2020
1505,0.75,2020
1506,0.61,2020
1507,0.63,2020
1508,0.75,2020
1509,0.66,2020
1510,0.38,2020
1511,0.48,2020
1512,0.87,2020
1513,0.47,2020
1514,0.6,2020
1515,0.67,2020
1516,0.65,2020
1517,0.6,2020
1518,0.78,2020
1519,0.69,2020
1520,0.62,2020
1521,0.57,2020
1522,0.77,2020
1523,0.74,2020
1524,0.68,2020
1525,0.61,2020
1526,0.95,2020
1527,0.67,2020
1528,0.96,2020
1529,0.73,2020
1530,0.66,2020
1531,0.57,2020
1532,0.67,2020
1533,0.5,2020
1534,0.45,2020
1535,0.89,2020
1536,0.93,2020
1537,0.77,2020
1538,0.62,2020
1539,0.76,2020
1540,0.84,2020
1541,0.53,2020
1542,0.69,2020
1543,0.62,2020
1544,0.96,2020
1545,0.8,2020
1546,0.87,2020
1547,0.6,2020
1548,0.64,2020
1549,0.62,2020
1550,0.68,2020
1551,0.74,2020
1552,0.43,2020
1553,0.71,2020
1554,0.6,2020
1555,0.39,2020
1556,0.88,2020
1557,0.71,2020
1558,0.8,2020
1559,0.95,2020
1560,0.99,2020
1561,0.61,2020
1562,0.64,2020
1563,0.65,2020
1564,0.59,2020
1565,0.75,2020
1566,0.93,2020
1567,0.77,2020
1568,0.9,2020
1569,0.54,2020
1570,0.99,2020
1571,0.87,2020
1572,0.9,2020
1573,0.8,2020
1574,0.8,2020
1575,0.77,2020
1576,0.85,2020
1577,0.71,2020
1578,0.58,2020
1579,0.74,2020
1580,0.66,2020
1581,0.5,2020
1582,0.6,2020
1583,0.56,2020
1584,0.43,2020
1585,0.54,2020
1586,0.39,2020
1587,0.87,2020
1588,0.94,2020
1589,0.59,2020
1590,0.64,2020
1591,0.71,2020
1592,0.85,2020
1593,0.72,2020
1594,0.78,2020
1595,0.95,2020
1596,0.5,2020
1597,0.61,2020
1598,0.61,2020
1599,0.57,2020
1600,0.58,2020
1601,0.72,2020
1602,0.67,2020
1603,0.65,2020
1604,0.56,2020
1605,0.54,2020
1606,0.74,2020
1607,0.84,2020
1608,0.53,2020
1609,0.56,2020
1610,0.72,2020
1611,0.8,2020
1612,0.79,2020
1613,0.69,2020
1614,0.94,2020
1615,0.58,2020
1616,0.93,2020
1617,0.92,2020
1618,0.54,2020
1619,0.71,2020
1620,0.67,2020
1621,0.69,2020
1622,0.54,2020
1623,0.83,2020
1624,0.96,2020
1625,0.64,2020
1626,0.73,2020
1627,0.67,2020
1628,0.75,2020
1629,0.85,2020
1630,0.7,2020
1631,0.67,2020
1632,0.92,2020
1633,0.52,2020
1634,0.69,2020
1635,0.99,2020
1636,0.64,2020
1637,0.64,2020
1638,0.45,2020
1639,0.71,2020
1640,0.63,2020
1641,0.8,2020
1642,0.76,2020
1643,0.58,2020
1644,0.6,2020
1645,0.68,2020
1646,0.71,2020
1647,0.54,2020
1648,0.49,2020
1649,0.71,2020
1650,0.75,2020
1651,0.58,2020
1652,0.94,2020
1653,0.54,2020
1654,0.68,2020
1655,0.57,2020
1656,0.35,2020
1657,0.49,2020
1658,0.58,2020
1659,0.86,2020
1660,0.61,2020
1661,0.33,2020
1662,0.6,2020
1663,0.74,2020
1664,0.67,2020
1665,0.7,2020
1666,0.95,2020
1667,0.73,2020
1668,0.56,2020
1669,0.84,2020
1670,0.67,2020
1671,0.77,2020
1672,0.59,2020
1673,0.97,2020
1674,0.79,2020
1675,0.93,2020
1676,0.74,2020
1677,0.78,2020
1678,0.5,2020
1679,0.59,2020
1680,0.56,2020
1681,0.76,2020
1682,0.64,2020
1683,0.83,2020
1684,0.56,2020
1685,0.86,2020
1686,0.88,2020
1687,0.6,2020
1688,0.71,2020
1689,0.72,2020
1690,0.59,2020
1691,0.51,2020
1692,0.98,2020
1693,0.5,2020
1694,0.62,2020
1695,0.96,2020
1696,0.77,2020
1697,0.98,2020
1698,0.7,2020
1699,0.6,2020
1700,0.91,2020
1701,0.51,2020
1702,0.61,2020
1703,0.78,2020
1704,0.49,2020
1705,0.58,2020
1706,0.55,2020
1707,0.7,2020
1708,0.52,2020
1709,0.61,2020
1710,0.67,2020
1711,0.5,2020
1712,0.51,2020
1713,0.51,2020
1714,0.65,2020
1715,0.71,2020
1716,0.79,2020
1717,0.69,2020
1718,0.68,2020
1719,0.8,2020
1720,0.82,2020
1721,0.76,2020
1722,0.7,2020
1723,0.7,2020
1724,0.87,2020
1725,0.73,2020
1726,0.79,2020
1727,0.97,2020
1728,0.88,2020
1729,0.75,2020
1730,0.6,2020
1731,0.56,2020
1732,0.33,2020
1733,0.45,2020
1734,0.45,2020
1735,0.6,2020
1736,0.9,2020
1737,0.7,2020
1738,0.5,2020
1739,0.68,2020
1740,0.59,2020
1741,0.42,2020
1742,0.63,2020
1743,0.95,2020
1744,0.82,2020
1745,0.73,2020
1746,0.6,2020
1747,0.79,2020
1748,0.97,2020
1749,0.89,2020
1750,0.5,2020
1751,0.57,2020
1752,0.88,2020
1753,0.39,2020
1754,0.91,2020
1755,0.54,2020
1756,0.73,2020
1757,0.94,2020
1758,0.55,2020
1759,0.43,2020
1760,0.64,2020
1761,0.39,2020
1762,0.92,2020
1763,0.82,2020
1764,0.6,2020
1765,0.68,2020
1766,0.4,2020
1767,0.68,2020
1768,0.71,2020
1769,0.96,2020
1770,0.72,2020
1771,0.67,2020
1772,0.44,2020
1773,0.6,2020
1774,0.86,2020
1775,0.74,2020
1776,0.71,2020
1777,0.47,2020
1778,0.76,2020
1779,0.64,2020
1780,0.55,2020
1781,0.68,2020
1782,0.67,2020
1783,0.63,2020
1784,0.63,2020
1785,0.76,2020
1786,0.69,2020
1787,0.43,2020
1788,0.53,2020
1789,0.76,2020
1790,0.47,2020
1791,0.39,2020
1792,0.53,2020
1793,0.7,2020
1794,0.66,2020
1795,0.65,2020
1796,0.64,2020
1797,0.59,2020
1798,0.46,2020
1799,0.93,2020
1800,0.84,2021
1801,0.52,2021
1802,0.6,2021
1803,0.79,2021
1804,0.74,2021
1805,0.63,2021
1806,0.71,2021
1807,0.71,2021
1808,0.89,2021
1809,0.75,2021
1810,0.3,2021
1811,0.6,2021
1812,0.42,2021
1813,0.74,2021
1814,0.83,2021
1815,0.58,2021
1816,0.6,2021
1817,0.66,2021
1818,0.67,2021
1819,0.55,2021
1820,0.51,2021
1821,0.54,2021
1822,0.53,2021
1823,0.85,2021
1824,0.41,2021
1825,0.45,2021
1826,0.98,2021
1827,0.48,2021
1828,0.59,2021
1829,0.3,2021
1830,0.8,2021
1831,0.63,2021
1832,0.36,2021
1833,0.71,2021
1834,0.67,2021
1835,0.77,2021
1836,0.91,2021
1837,1.0,2021
1838,0.51,2021
1839,0.57,2021
1840,0.86,2021
1841,0.61,2021
1842,0.66,2021
1843,0.55,2021
1844,0.41,2021
1845,0.69,2021
1846,0.96,2021
1847,0.68,2021
1848,0.57,2021
1849,0.73,2021
1850,0.88,2021
1851,0.55,2021
1852,0.64,2021
1853,0.72,2021
1854,0.75,2021
1855,0.47,2021
1856,0.56,2021
1857,0.49,2021
1858,0.68,2021
1859,0.34,2021
1860,0.54,2021
1861,0.54,2021
1862,0.44,2021
1863,0.45,2021
1864,0.66,2021
1865,0.94,2021
1866,0.98,2021
1867,0.56,2021
1868,0.75,2021
1869,0.77,2021
1870,0.57,2021
1871,0.81,2021
1872,0.49,2021
1873,0.8,2021
1874,0.61,2021
1875,0.74,2021
1876,0.58,2021
1877,0.76,2021
1878,0.74,2021
1879,0.4,2021
1880,0.83,2021
1881,0.85,2021
1882,0.78,2021
1883,0.87,2021
1884,0.54,2021
1885,0.41,2021
1886,0.49,2021
1887,0.57,2021
1888,0.91,2021
1889,0.44,2021
1890,0.67,2021
1891,0.91,2021
1892,0.63,2021
1893,0.61,2021
1894,0.56,2021
1895,0.4,2021
1896,0.9,2021
1897,0.58,2021
1898,0.62,2021
1899,0.69,2021
1900,0.62,2021
1901,0.81,2021
1902,0.66,2021
1903,0.7,2021
1904,0.58,2021
1905,0.62,2021
1906,0.98,2021
1907,0.72,2021
1908,0.62,2021
1909,0.59,2021
1910,0.44,2021
1911,0.7,2021
1912,0.6,2021
1913,0.92,2021
1914,0.57,2021
1915,0.69,2021
1916,0.52,2021
1917,0.9,2021
1918,0.79,2021
1919,0.46,2021
1920,0.75,2021
1921,0.58,2021
1922,0.57,2021
1923,0.73,2021
1924,0.79,2021
1925,0.58,2021
1926,0.63,2021
1927,0.95,2021
1928,0.93,2021
1929,0.54,2021
1930,0.63,2021
1931,0.6,2021
1932,0.59,2021
1933,0.85,2021
1934,0.82,2021
1935,0.38,2021
1936,0.46,2021
1937,0.75,2021
1938,0.59,2021
1939,0.77,2021
1940,0.66,2021
1941,0.74,2021
1942,0.66,2021
1943,0.91,2021
1944,0.43,2021
1945,0.57,2021
1946,0.92,2021
1947,0.65,2021
1948,0.77,2021
1949,0.74,2021
1950,0.6,2021
1951,0.71,2021
1952,0.6,2021
1953,0.75,2021
1954,0.83,2021
1955,0.68,2021
1956,0.57,2021
1957,0.4,2021
1958,0.72,2021
1959,0.93,2021
1960,0.8,2021
1961,0.72,2021
1962,0.55,2021
1963,0.89,2021
1964,0.65,2021
1965,0.48,2021
1966,0.53,2021
1967,0.65,2021
1968,0.6,2021
1969,0.52,2021
1970,0.66,2021
1971,0.63,2021
1972,0.78,2021
1973,0.94,2021
1974,0.71,2021
1975,0.61,2021
1976,0.54,2021
1977,0.69,2021
1978,0.5,2021
1979,0.51,2021
1980,0.72,2021
1981,0.99,2021
1982,0.95,2021
1983,0.72,2021
1984,0.87,2021
1985,0.77,2021
1986,0.5,2021
1987,0.62,2021
1988,0.62,2021
1989,0.7,2021
1990,0.82,2021
1991,0.94,2021
1992,0.72,2021
1993,0.45,2021
1994,0.5,2021
1995,0.5,2021
1996,0.84,2021
1997,0.71,2021
1998,0.79,2021
1999,0.99,2021
2000,0.7,2021
2001,0.54,2021
2002,0.5,2021
2003,0.58,2021
2004,0.56,2021
2005,0.55,2021
2006,0.67,2021
2007,0.7,2021
2008,0.65,2021
2009,0.83,2021
2010,0.74,2021
2011,0.86,2021
2012,0.67,2021
2013,0.51,2021
2014,0.92,2021
2015,0.61,2021
2016,0.52,2021
2017,0.68,2021
2018,0.59,2021
2019,0.62,2021
2020,0.93,2021
2021,0.74,2021
2022,0.43,2021
2023,0.82,2021
2024,0.42,2021
2025,0.96,2021
2026,0.66,2021
2027,0.41,2021
2028,0.91,2021
2029,0.37,2021
2030,0.61,2021
2031,0.76,2021
2032,0.7,2021
2033,0.57,2021
2034,0.48,2021
2035,0.7,2021
2036,0.83,2021
2037,0.71,2021
2038,0.48,2021
2039,0.78,2021
2040,0.63,2021
2041,0.48,2021
2042,0.92,2021
2043,0.58,2021
2044,0.35,2021
2045,0.6,2021
2046,0.53,2021
2047,0.48,2021
2048,0.61,2021
2049,0.5,2021
2050,0.71,2021
2051,0.64,2021
2052,0.66,2021
2053,0.86,2021
2054,0.66,2021
2055,0.71,2021
2056,0.94,2021
2057,0.88,2021
2058,0.45,2021
2059,0.62,2021
2060,0.91,2021
2061,0.69,2021
2062,0.74,2021
2063,0.68,2021
2064,0.57,2021
2065,0.98,2021
2066,0.65,2021
2067,0.59,2021
2068,0.6,2021
2069,0.53,2021
2070,0.86,2021
2071,0.64,2021
2072,0.62,2021
2073,0.7,2021
2074,0.79,2021
2075,0.34,2021
2076,0.72,2021
2077,0.98,2021
2078,0.51,2021
2079,0.56,2021
2080,0.56,2021
2081,0.62,2021
2082,0.64,2021
2083,0.69,2021
2084,0.86,2021
2085,0.78,2021
2086,0.87,2021
2087,0.61,2021
2088,0.56,2021
2089,0.54,2021
2090,0.72,2021
2091,0.86,2021
2092,0.57,2021
2093,0.55,2021
2094,0.43,2021
2095,0.97,2021
2096,0.79,2021
2097,0.97,2021
2098,0.59,2021
2099,0.72,2021
2100,0.57,2021
2101,0.74,2021
2102,0.88,2021
2103,0.96,2021
2104,0.94,2021
2105,0.4,2021
2106,0.86,2021
2107,0.41,2021
2108,0.38,2021
2109,0.45,2021
2110,0.94,2021
2111,0.73,2021
2112,0.92,2021
2113,0.92,2021
2114,0.56,2021
2115,0.7,2021
2116,0.82,2021
2117,0.55,2021
2118,0.82,2021
2119,0.92,2021
2120,0.77,2021
2121,0.89,2021
2122,0.62,2021
2123,0.5,2021
2124,0.9,2021
2125,0.88,2021
2126,0.57,2021
2127,0.67,2021
2128,0.46,2021
2129,0.54,2021
2130,0.87,2021
2131,0.61,2021
2132,0.75,2021
2133,0.66,2021
2134,0.61,2021
2135,0.8,2021
2136,0.79,2021
2137,0.84,2021
2138,0.82,2021
2139,0.67,2021
2140,0.59,2021
2141,0.71,2021
2142,0.57,2021
2143,0.79,2021
2144,0.52,2021
2145,0.51,2021
2146,0.61,2021
2147,0.79,2021
2148,0.65,2021
2149,0.85,2021
2150,0.7,2021
2151,0.91,2021
2152,0.72,2021
2153,0.99,2021
2154,0.73,2021
2155,0.57,2021
2156,0.48,2021
2157,0.88,2021
2158,0.52,2021
2159,0.5,2021
2160,0.94,2021
2161,0.34,2021
2162,0.7,2021
2163,0.78,2021
2164,0.64,2021
2165,0.56,2021
2166,0.58,2021
2167,0.52,2021
2168,0.66,2021
2169,0.66,2021
2170,0.68,2021
2171,0.85,2021
2172,0.62,2021
2173,0.73,2021
2174,0.36,2021
2175,0.6,2021
2176,0.84,2021
2177,0.61,2021
2178,0.81,2021
2179,0.49,2021
2180,0.69,2021
2181,0.61,2021
2182,0.47,2021
2183,0.62,2021
2184,0.72,2021
2185,0.69,2021
2186,0.63,2021
2187,0.57,2021
2188,0.98,2021
2189,0.93,2021
2190,0.56,2021
2191,0.63,2021
2192,0.61,2021
2193,0.42,2021
2194,0.61,2021
2195,0.52,2021
2196,0.58,2021
2197,0.28,2021
2198,0.66,2021
2199,0.54,2021
2200,0.67,2021
2201,0.8,2021
2202,0.53,2021
2203,0.48,2021
2204,0.64,2021
2205,0.77,2021
2206,0.55,2021
2207,0.75,2021
2208,0.91,2021
2209,0.5,2021
2210,0.89,2021
2211,0.63,2021
2212,0.49,2021
2213,0.68,2021
2214,0.64,2021
2215,0.65,2021
2216,0.57,2021
2217,0.71,2021
2218,0.98,2021
2219,0.59,2021
2220,0.5,2021
2221,0.62,2021
2222,0.67,2021
2223,0.87,2021
2224,0.62,2021
2225,0.88,2021
2226,0.66,2021
2227,0.96,2021
2228,0.64,2021
2229,0.88,2021
2230,0.53,2021
2231,0.51,2021
2232,0.78,2021
2233,0.58,2021
2234,0.58,2021
2235,0.96,2021
2236,0.73,2021
2237,0.61,2021
2238,0.79,2021
2239,0.41,2021
2240,0.94,2021
2241,0.88,2021
2242,0.84,2021
2243,0.62,2021
2244,0.58,2021
2245,0.88,2021
2246,0.67,2021
2247,0.76,2021
2248,0.43,2021
2249,0.79,2021
2250,0.58,2021
2251,0.53,2021
2252,0.63,2021
2253,0.63,2021
2254,0.65,2021
2255,0.51,2021
2256,0.9,2021
2257,0.52,2021
2258,0.51,2021
2259,0.77,2021
2260,0.72,2021
2261,0.34,2021
2262,0.52,2021
2263,0.71,2021
2264,1.0,2021
2265,0.37,2021
2266,0.37,2021
2267,0.93,2021
2268,0.69,2021
2269,0.55,2021
2270,0.7,2021
2271,0.64,2021
2272,0.81,2021
2273,0.54,2021
2274,0.82,2021
2275,0.55,2021
2276,0.76,2021
2277,0.79,2021
2278,0.62,2021
2279,0.42,2021
2280,0.56,2021
2281,0.91,2021
2282,0.54,2021
2283,0.94,2021
2284,0.36,2021
2285,0.71,2021
2286,0.72,2021
2287,0.66,2021
2288,0.51,2021
2289,0.63,2021
2290,0.58,2021
2291,0.68,2021
2292,0.51,2021
2293,0.95,2021
2294,0.44,2021
2295,0.61,2021
2296,0.4,2021
2297,1.0,2021
2298,0.55,2021
2299,0.64,2021
2300,0.57,2021
2301,0.61,2021
2302,0.66,2021
2303,0.44,2021
2304,0.61,2021
2305,0.98,2021
2306,0.49,2021
2307,0.85,2021
2308,0.61,2021
2309,0.53,2021
2310,0.4,2021
2311,0.6,2021
2312,0.38,2021
2313,0.66,2021
2314,0.53,2021
2315,0.61,2021
2316,0.59,2021
2317,0.63,2021
2318,0.54,2021
2319,0.61,2021
2320,0.87,2021
2321,0.61,2021
2322,0.54,2021
2323,0.83,2021
2324,0.5,2021
2325,0.61,2021
2326,0.53,2021
2327,0.55,2021
2328,0.69,2021
2329,0.79,2021
2330,0.65,2021
2331,0.87,2021
2332,0.78,2021
2333,0.9,2021
2334,0.94,2021
2335,0.65,2021
2336,0.64,2021
2337,0.62,2021
2338,0.58,2021
2339,0.69,2021
2340,0.54,2021
2341,0.62,2021
2342,0.92,2021
2343,0.64,2021
2344,0.59,2021
2345,0.64,2021
2346,0.9,2021
2347,0.44,2021
2348,0.74,2021
2349,0.36,2021
2350,0.54,2021
2351,0.96,2021
2352,0.54,2021
2353,0.65,2021
2354,0.68,2021
2355,0.87,2021
2356,0.67,2021
2357,0.37,2021
2358,0.92,2021
2359,0.48,2021
2360,0.69,2021
2361,0.58,2021
2362,0.74,2021
2363,0.55,2021
2364,0.58,2021
2365,0.65,2021
2366,0.48,2021
2367,0.74,2021
2368,0.68,2021
2369,0.96,2021
2370,0.42,2021
2371,0.37,2021
2372,0.62,2021
2373,0.91,2021
2374,0.59,2021
2375,0.31,2021
2376,0.52,2021
2377,0.79,2021
2378,0.83,2021
2379,0.52,2021
2380,0.44,2021
2381,0.55,2021
2382,0.44,2021
2383,0.92,2021
2384,0.68,2021
2385,0.59,2021
2386,0.43,2021
2387,0.75,2021
2388,0.38,2021
2389,0.91,2021
2390,0.93,2021
2391,0.42,2021
2392,0.47,2021
2393,0.96,2021
2394,0.62,2021
2395,0.7,2021
2396,0.65,2021
2397,0.54,2021
2398,0.67,2021
2399,0.5,2021
